<?xml version="1.0" encoding="UTF-8"?>
<!--
To change this license header, choose License Headers in Project Properties.
To change this template file, choose Tools | Templates
and open the template in the editor.
-->


<shiporder orderid="889923"
xmlns:xsi="http://www.w3.org/2001/XMLSchema-instance"
xsi:noNamespaceSchemaLocation="shiporder.xsd">
    
    <Modelocarros>
  <orderperson>MungenziPark</orderperson>
  <shipto>
    <name>Eloge Mukuta Mungenzi</name>
    <address>Av.Eduardo Mondlane</address>
    <city>Beira </city>
    <country>Mocambique</country>
  </shipto>
  <item>
    <title>Prado</title>
    <note>Edicao Especial</note>
    <quantity>4</quantity>
    <price>530</price>
  </item>
  <item>
    <title>Mazda</title>
    <note>Anteza</note>
    <quantity>8</quantity>
    <price>550.00</price>
  </item>
  <item>
    <title>Fit</title>
    
    <quantity>2</quantity>
    <price>120.00</price>
  </item>
</shiporder>
</Modelocarros>
